Date,Open,High,Low,Close
12/27/2025 00:00,87303.5,87469,87271,87423
12/26/2025 23:55,87347.8,87461,87286,87359.7
12/26/2025 23:50,87286.7,87498,87275,87295.8
12/26/2025 23:45,87289.7,87447,87262,87286.7
12/26/2025 23:40,87350,87495,87278,87357.4
12/26/2025 23:35,87520,87572,87332,87332
12/26/2025 23:30,87428.9,87556,87357,87514
12/26/2025 23:25,87473.3,87601,87386,87435.5
12/26/2025 23:20,87431.6,87568,87395,87404.2
12/26/2025 23:15,87418.9,87621,87399,87432
12/26/2025 23:10,87425.3,87581,87409,87418.9
12/26/2025 23:05,87431,87623,87407,87581
12/26/2025 23:00,87476.5,87637,87429.3,87493.8
12/26/2025 22:55,87371,87630,87364.7,87476.5
12/26/2025 22:50,87369.6,87596,87369.6,87522
12/26/2025 22:45,87337,87547,87251,87369.6
12/26/2025 22:40,87465.3,87564,87260,87337
12/26/2025 22:35,87402.9,87580,87372,87580
12/26/2025 22:30,87351.7,87612,87351.7,87466
12/26/2025 22:25,87398.9,87544,87337,87427.9
12/26/2025 22:20,87431.5,87620,87335,87340.3
12/26/2025 22:15,87451.2,87606,87394,87436
12/26/2025 22:10,87555,87677,87377,87547
12/26/2025 22:05,87498.2,87657,87443.1,87461.1
12/26/2025 22:00,87558,87615,87386,87509.3
12/26/2025 21:55,87449,87601,87322,87386
12/26/2025 21:50,87458,87645,87341,87449
12/26/2025 21:45,87481.5,87621,87421,87458
12/26/2025 21:40,87534.9,87630,87376,87430.1
12/26/2025 21:35,87434.7,87644,87413.2,87536.5
12/26/2025 21:30,87504,87653,87407.9,87483.6
12/26/2025 21:25,87501,87681,87474,87506.2
12/26/2025 21:20,87554.5,87735,87490,87499
12/26/2025 21:15,87579,87757,87550,87612.6
12/26/2025 21:10,87518,87748,87512.8,87748
12/26/2025 21:05,87588.4,87725,87476,87512.8
12/26/2025 21:00,87504,87792,87501.8,87588.4
12/26/2025 20:55,87604,87764,87492,87500
12/26/2025 20:50,87680.1,87850,87585,87671.3
12/26/2025 20:45,87613.4,87876,87471,87777
12/26/2025 20:40,87569,87779,87338,87779
12/26/2025 20:35,87531,87751,87493,87569
12/26/2025 20:30,87346,87708,87338,87531
12/26/2025 20:25,87525.3,87729,87338,87610.6
12/26/2025 20:20,87451.7,87702,87373,87525.3
12/26/2025 20:15,87460.5,87624,87336,87451.7
12/26/2025 20:10,87495.4,87616,87384,87460.5
12/26/2025 20:05,87427.4,87603,87323,87434.8
12/26/2025 20:00,87437.1,87660,87319,87364.3
12/26/2025 19:55,87476.7,87606,87347,87483.8
12/26/2025 19:50,87403.3,87593,87381,87476.7
12/26/2025 19:45,87565,87657,87387.9,87403.3
12/26/2025 19:40,87366.8,87566,87328,87394
12/26/2025 19:35,87400.1,87551,87326,87337
12/26/2025 19:30,87284,87508,87277,87401.4
12/26/2025 19:25,87429,87473,87272,87356.3
12/26/2025 19:20,87356.9,87487,87281,87335.4
12/26/2025 19:15,87396,87455,87159,87295.6
12/26/2025 19:10,87328.4,87455,87230,87300.7
12/26/2025 19:05,87254,87468,87202,87330
12/26/2025 19:00,87200.7,87431,87164,87254
12/26/2025 18:55,87224.8,87407,87175,87256
12/26/2025 18:50,87240.1,87438,87177,87298.2
12/26/2025 18:45,87138,87406,87057,87234
12/26/2025 18:40,87203.1,87377,87128,87210.8
12/26/2025 18:35,87271.7,87407,87130.6,87261.2
12/26/2025 18:30,87302,87378,87133,87202.7
12/26/2025 18:25,87284,87436,87133,87303
12/26/2025 18:20,87260,87457,87206,87348.8
12/26/2025 18:15,87418,87440,87197,87348.3
12/26/2025 18:10,87258,87467,87173,87418
12/26/2025 18:05,87197.6,87423,87155,87173
12/26/2025 18:00,87232.4,87454,87152,87257.2
12/26/2025 17:55,87245.2,87445,87194,87319.2
12/26/2025 17:50,87495,87532,87186,87245.2
12/26/2025 17:45,87309.1,87504,87269,87497
12/26/2025 17:40,87380,87543,87208,87447
12/26/2025 17:35,87162.4,87458,87113,87380
12/26/2025 17:30,87381,87499,87162.4,87162.4
12/26/2025 17:25,86975.3,87393,86966,87209
12/26/2025 17:20,87133,87149,86902,86975.3
12/26/2025 17:15,86904,87183,86902,86963
12/26/2025 17:10,86940,87102,86847,86973.9
12/26/2025 17:05,86919,87155,86914,86940
12/26/2025 17:00,86783,87082,86737,86999.9
12/26/2025 16:55,87301,87301,86770,86783
12/26/2025 16:50,87195,87346,87109,87214.2
12/26/2025 16:45,87203,87361,87115,87267.5
12/26/2025 16:40,87305.1,87439,87203,87206.1
12/26/2025 16:35,87267,87436,87128,87360
12/26/2025 16:30,87202,87383,87094,87128
12/26/2025 16:25,87224.2,87321,87064,87244.1
12/26/2025 16:20,87242,87377,87108.7,87290
12/26/2025 16:15,86934,87226,86934,87187.3
12/26/2025 16:10,87102,87193,86934,86934
12/26/2025 16:05,87208.8,87261,87014,87171
12/26/2025 16:00,87066,87289,87052,87195.8
12/26/2025 15:55,87003.8,87184,86930,87066
12/26/2025 15:50,87136.7,87142.8,86924,87003.5
12/26/2025 15:45,86916.7,87239,86901,87078
12/26/2025 15:40,87040,87040,86819,86925
12/26/2025 15:35,87051,87144,86913,86930
12/26/2025 15:30,86925,87180,86847,87051
12/26/2025 15:25,86937.3,87027,86745,86921
12/26/2025 15:20,86825,87131,86663,86933
12/26/2025 15:15,86697,87037,86583,86837.9
12/26/2025 15:10,87096,87096,86692,86697
12/26/2025 15:05,87150,87269,86882,87097
12/26/2025 15:00,87396.7,87396.7,86875,87208.1
12/26/2025 14:55,87521.1,87580,87289,87339
12/26/2025 14:50,87954.6,88012,87534,87574
12/26/2025 14:45,88383.8,88436,87887,87898
12/26/2025 14:40,88494,88649,88226,88365.6
12/26/2025 14:35,88778.4,88896,88502,88530.3
12/26/2025 14:30,88916,89063,88754,88867
12/26/2025 14:25,88959.1,89028,88908,88916
12/26/2025 14:20,88925.2,89027,88920,88954
12/26/2025 14:15,88891,89013,88879,88973.2
12/26/2025 14:10,88891,88979,88865,88891
12/26/2025 14:05,89030,89038,88865,88865
12/26/2025 14:00,88961.7,89036,88847,88969
12/26/2025 13:55,88992,89044,88933,88961.7
12/26/2025 13:50,88964,89043,88903,88941
12/26/2025 13:45,88914,89052,88848,89015
12/26/2025 13:40,88952,89032,88852.5,88915
12/26/2025 13:35,88765.4,88976,88760,88888
12/26/2025 13:30,88765.1,88850,88700,88840
12/26/2025 13:25,88801,88816,88698,88776
12/26/2025 13:20,88760,88834,88689,88808
12/26/2025 13:15,88833,88846,88744,88830
12/26/2025 13:10,88756,88838,88690,88760
12/26/2025 13:05,88696.5,88766,88625,88690.9
12/26/2025 13:00,88668.3,88706,88558,88696.4
12/26/2025 12:55,88634.5,88707,88601,88674
12/26/2025 12:50,88715.5,88728,88613,88634.5
12/26/2025 12:45,88679.2,88763,88631,88647.5
12/26/2025 12:40,88710.9,88763,88635.6,88679.2
12/26/2025 12:35,88609.8,88722,88585,88656
12/26/2025 12:30,88687.4,88697,88599,88609.8
12/26/2025 12:25,88676,88708.7,88602,88675.7
12/26/2025 12:20,88600,88681,88567,88677
12/26/2025 12:15,88631.4,88703,88580,88632.5
12/26/2025 12:10,88568.7,88715,88546,88631.4
12/26/2025 12:05,88568.6,88668,88549,88598.8
12/26/2025 12:00,88498.4,88642,88472,88568.6
12/26/2025 11:55,88574.2,88594,88472,88528.7
12/26/2025 11:50,88493,88604.9,88489,88513.8
12/26/2025 11:45,88508.3,88593,88470,88544
12/26/2025 11:40,88603.2,88619,88496,88598
12/26/2025 11:35,88603,88636,88504.8,88602.7
12/26/2025 11:30,88557.8,88663,88533,88533
12/26/2025 11:25,88647.8,88647.8,88542,88557.8
12/26/2025 11:20,88694,88694,88556,88634.2
12/26/2025 11:15,88605,88693,88582,88685.4
12/26/2025 11:10,88647,88700,88596,88670.2
12/26/2025 11:05,88691.3,88763,88627,88649
12/26/2025 11:00,88699.1,88749,88640,88666.6
12/26/2025 10:55,88745,88812,88679,88758
12/26/2025 10:50,88773.4,88839,88713,88738.7
12/26/2025 10:45,88755,88868,88682,88819
12/26/2025 10:40,88646.2,88774,88611.1,88728
12/26/2025 10:35,88703,88716,88626,88646.2
12/26/2025 10:30,88768.3,88824,88636,88704
12/26/2025 10:25,88654.1,88853.1,88641,88800.2
12/26/2025 10:20,88764,88769,88621,88654.1
12/26/2025 10:15,88879,88879,88653,88689
12/26/2025 10:10,88722.1,88890,88722.1,88809.3
12/26/2025 10:05,88814,88849,88701,88717.8
12/26/2025 10:00,88752,88861,88743,88805.9
12/26/2025 09:55,88786,88868,88731,88826
12/26/2025 09:50,88891,88930,88786,88786
12/26/2025 09:45,88792,88889,88702,88809.7
12/26/2025 09:40,88693.8,88793,88690,88755.4
12/26/2025 09:35,88704,88795,88683,88778
12/26/2025 09:30,88678,88787,88656,88787
12/26/2025 09:25,88688,88770,88642,88678
12/26/2025 09:20,88679.8,88859,88618,88688
12/26/2025 09:15,88673.7,88706,88613,88678.9
12/26/2025 09:10,88687.5,88697,88603,88619.7
12/26/2025 09:05,88732,88757,88574,88626.3
12/26/2025 09:00,88674.7,88782,88655,88659
12/26/2025 08:55,88738,88745,88648,88674.7
12/26/2025 08:50,88689,88738,88625,88653.4
12/26/2025 08:45,88630,88713,88526,88625.7
12/26/2025 08:40,88613,88644,88489,88563.2
12/26/2025 08:35,88617.5,88684,88538,88613
12/26/2025 08:30,88713.1,88713.1,88515,88684
12/26/2025 08:25,88684,88775,88621,88656
12/26/2025 08:20,88578.4,88773,88547,88752
12/26/2025 08:15,88661.3,88712.9,88556,88578.4
12/26/2025 08:10,88528.6,88653,88435,88581
12/26/2025 08:05,88617,88756,88500,88528.6
12/26/2025 08:00,88374.9,88865,88355,88636.8
12/26/2025 07:55,88551.2,88579,88292.1,88444.5
12/26/2025 07:50,88631,88637,88484,88484
12/26/2025 07:45,88781,88806,88551.8,88629.3
12/26/2025 07:40,88894,88980,88702,88783
12/26/2025 07:35,89166,89223,88803,88820
12/26/2025 07:30,89418.9,89418.9,89091,89166
12/26/2025 07:25,89456,89542,89348,89413
12/26/2025 07:20,89369,89519.6,89232.9,89418.5
12/26/2025 07:15,89299.9,89405,89213,89310.1
12/26/2025 07:10,89196,89374,89110,89348.6
12/26/2025 07:05,89156,89201.7,89080.6,89195
12/26/2025 07:00,89053,89186,89049,89080.6
12/26/2025 06:55,89071.8,89222,89049,89049
12/26/2025 06:50,89132.5,89160,89039,89071.8
12/26/2025 06:45,89242,89242,89031,89137.7
12/26/2025 06:40,89057,89244,89044,89169.5
12/26/2025 06:35,89007.6,89150,88982,89132.5
12/26/2025 06:30,89001,89098,88968,89063.3
12/26/2025 06:25,89082.8,89098,89000,89001
12/26/2025 06:20,89108.2,89119,88956,89024.3
12/26/2025 06:15,89094,89155,89001,89035
12/26/2025 06:10,88978.3,89148,88966,89002
12/26/2025 06:05,89061,89066,88964,88978.3
12/26/2025 06:00,88985.3,89071,88923,89060
12/26/2025 05:55,88910.7,89044,88841,88972
12/26/2025 05:50,88863,88935,88782,88910.5
12/26/2025 05:45,88870,88957,88770.5,88862.3
12/26/2025 05:40,88844,88877,88749,88870
12/26/2025 05:35,88872,88895,88756,88766
12/26/2025 05:30,88835.2,88922,88762,88846.6
12/26/2025 05:25,88904,88926,88814,88835.2
12/26/2025 05:20,88838,88945,88762,88902
12/26/2025 05:15,88937.1,88937.1,88762,88766.5
12/26/2025 05:10,88872,88989,88833,88940.9
12/26/2025 05:05,88919,89019,88856,88876.4
12/26/2025 05:00,88966,89019,88848,88916.5
12/26/2025 04:55,89033.1,89064,88891,88971
12/26/2025 04:50,89046.1,89063.8,88926,88969.2
12/26/2025 04:45,89028,89148,88939,88973
12/26/2025 04:40,88788,89076,88771.9,88956.7
12/26/2025 04:35,88813,88867,88737,88788
12/26/2025 04:30,88704,88826,88621.9,88814
12/26/2025 04:25,88579.6,88721,88571,88628
12/26/2025 04:20,88686,88764.1,88563,88651
12/26/2025 04:15,88717,88782,88628.8,88669.6
12/26/2025 04:10,88563,88717.6,88563,88701.9
12/26/2025 04:05,88536.8,88651,88444,88563
12/26/2025 04:00,88836.6,88837,88463,88538
12/26/2025 03:55,88736.5,88835,88666,88828.3
12/26/2025 03:50,88762.6,88850,88677,88751
12/26/2025 03:45,88641.5,88880,88641.5,88822.9
12/26/2025 03:40,88729,88759.5,88625,88728
12/26/2025 03:35,88786.1,88832,88643.8,88651.3
12/26/2025 03:30,88745.3,88871.3,88665,88790
12/26/2025 03:25,88794,88880,88713,88745.3
12/26/2025 03:20,88751,88910,88651.6,88881
12/26/2025 03:15,89032.7,89032.7,88718,88751
12/26/2025 03:10,89096.9,89248.8,88928,88934.1
12/26/2025 03:05,89000.7,89189,89000,89171
12/26/2025 03:00,89171.7,89273,88974,89000.7
12/26/2025 02:55,89278,89283,89033,89176.7
12/26/2025 02:50,89070,89281,89000,89277
12/26/2025 02:45,89135,89301,88962,89023
12/26/2025 02:40,89019.9,89255.3,89019.9,89138
12/26/2025 02:35,89084,89373,88988,89093
12/26/2025 02:30,88999.4,89369,88999.4,89003
12/26/2025 02:25,89018,89260,88896,88924
12/26/2025 02:20,88563,89090,88563,88922
12/26/2025 02:15,88113,88680,88113,88563
12/26/2025 02:10,87517.1,88132,87499,88124.7
12/26/2025 02:05,87450.2,87603,87400,87522
12/26/2025 02:00,87370.1,87538,87367,87435
12/26/2025 01:55,87447,87482,87366,87370.1
12/26/2025 01:50,87474,87493,87347,87447
12/26/2025 01:45,87340,87495,87314,87376.9
12/26/2025 01:40,87283.3,87448,87256.1,87418
12/26/2025 01:35,87276.5,87395,87275,87368
12/26/2025 01:30,87276.5,87378,87253,87362
12/26/2025 01:25,87350,87405,87254,87276.5
12/26/2025 01:20,87293.2,87390,87190,87280
12/26/2025 01:15,87308,87372,87202,87244.4
12/26/2025 01:10,87214,87356,87191,87199
12/26/2025 01:05,87239,87334,87153,87210
12/26/2025 01:00,87153,87264,87051.9,87153
12/26/2025 00:55,87106,87155,86988,87051.9
12/26/2025 00:50,86915.2,87164,86912,87106
12/26/2025 00:45,86899,87038,86873,86926.3
12/26/2025 00:40,87081.5,87157,86850,86928.8
12/26/2025 00:35,87149.7,87234,86979,87155
12/26/2025 00:30,87006.9,87231,87006.9,87220
12/26/2025 00:25,87106,87295,86901,87102
12/26/2025 00:20,87079.5,87190,87028,87106
12/26/2025 00:15,87139.2,87165,87003,87043.8
12/26/2025 00:10,87010,87234,86989,87139.2
12/26/2025 00:05,87199,87356,87010,87043.3
12/26/2025 00:00,87202.1,87336,87157,87278
12/25/2025 23:55,87236.5,87331,87165,87206.5
12/25/2025 23:50,87181,87338,87047,87216.5
12/25/2025 23:45,87004,87181,86905,87167.1
12/25/2025 23:40,87135,87235,86989,87006
12/25/2025 23:35,87130.7,87203,87010,87077.7
12/25/2025 23:30,87434,87499,87106.7,87197
12/25/2025 23:25,87561,87617,87418,87434
12/25/2025 23:20,87625,87692,87471,87580
12/25/2025 23:15,87708,87712,87608,87619.6
12/25/2025 23:10,87586,87793,87579,87689.2
12/25/2025 23:05,87577.2,87669,87529,87654.7
12/25/2025 23:00,87589.7,87699,87426,87667
12/25/2025 22:55,87544,87728,87458,87589.7
12/25/2025 22:50,87344,87573,87267,87544
12/25/2025 22:45,87653,87691,87311,87344
12/25/2025 22:40,87868.8,87896.6,87647,87732
12/25/2025 22:35,87799.9,87915,87796,87843.8
12/25/2025 22:30,87852,87902,87781,87854.4
12/25/2025 22:25,87840,87900,87768,87781
12/25/2025 22:20,87799.9,87880,87766,87766
12/25/2025 22:15,87799.9,87884,87770,87883
12/25/2025 22:10,87744,87897,87744,87838.1
12/25/2025 22:05,87910.5,87934,87739,87744
12/25/2025 22:00,87838.7,87939,87836,87852
12/25/2025 21:55,87850.3,87923,87818,87838.7
12/25/2025 21:50,87885,87966,87818,87818
12/25/2025 21:45,87905,87978,87885,87919.1
12/25/2025 21:40,87960,87994,87890,87905
12/25/2025 21:35,87955,87988,87888,87960
12/25/2025 21:30,87959.6,87986,87881.9,87953
12/25/2025 21:25,87894,87984,87881.9,87959.6
12/25/2025 21:20,87937.9,87986,87881,87894
12/25/2025 21:15,87912.2,88003,87870,87885.7
12/25/2025 21:10,87918.9,88000,87847.7,87912.2
12/25/2025 21:05,87887.5,87935,87762,87847.7
12/25/2025 21:00,87877.5,87918,87790,87908
12/25/2025 20:55,87821.8,87920,87799,87833.1
12/25/2025 20:50,87821.8,87908,87806,87821.8
12/25/2025 20:45,87743,87904,87743,87821.8
12/25/2025 20:40,87821.1,87844,87736.6,87798.7
12/25/2025 20:35,87747.2,87848,87700,87816.6
12/25/2025 20:30,87683,87822,87644,87738
12/25/2025 20:25,88029,88031,87599,87683
12/25/2025 20:20,88067,88081,87950,87965.1
12/25/2025 20:15,88091.9,88142,87995,88043.9
12/25/2025 20:10,88047.6,88137,88041,88091.8
12/25/2025 20:05,88101,88125,88025.2,88110.5
12/25/2025 20:00,88087.9,88180,88004,88030.8
12/25/2025 19:55,88097.5,88169,88086,88086
12/25/2025 19:50,88135,88172,88048,88086
12/25/2025 19:45,88088.8,88134,88043,88056.2
12/25/2025 19:40,88060.6,88165,88031,88083
12/25/2025 19:35,88047.1,88130,88034,88046
12/25/2025 19:30,88103.7,88125,88011,88115
12/25/2025 19:25,88016,88141,88016,88046
12/25/2025 19:20,88125,88154,88012,88100
12/25/2025 19:15,88128,88198,88037,88124
12/25/2025 19:10,88155.2,88205,88105,88179.1
12/25/2025 19:05,88196.7,88216,88106,88167
12/25/2025 19:00,88245,88257,88139,88184.1
12/25/2025 18:55,88196.3,88252,88178,88178.5
12/25/2025 18:50,88272,88300,88185,88185
12/25/2025 18:45,88228,88303,88177.9,88210.1
12/25/2025 18:40,88141.5,88320,88134.2,88214.6
12/25/2025 18:35,88177,88211,88093,88195
12/25/2025 18:30,88174.9,88268,88111,88125.3
12/25/2025 18:25,88215.3,88250,88161,88174.9
12/25/2025 18:20,88244,88262,88170,88175
12/25/2025 18:15,88243.7,88309,88177,88243
12/25/2025 18:10,88230.7,88325,88211,88248
12/25/2025 18:05,88217.6,88329,88179.7,88269.8
12/25/2025 18:00,88081.3,88281,88069,88228.4
12/25/2025 17:55,88184,88195,88069,88081.3
12/25/2025 17:50,88145.2,88218,88076.9,88184
12/25/2025 17:45,87995,88168,87976.3,88087.2
12/25/2025 17:40,88043,88078,87977,88002.5
12/25/2025 17:35,87980.9,88097,87977,88017.8
12/25/2025 17:30,88000,88065,87961,87980.9
12/25/2025 17:25,88144,88149,87977,88017.5
12/25/2025 17:20,88018.3,88175,88018.3,88070.6
12/25/2025 17:15,87972,88103,87965,88018.3
12/25/2025 17:10,88090.2,88190,87964,88040
12/25/2025 17:05,88002.7,88163,88002,88144.4
12/25/2025 17:00,88055.6,88146,87945,88002.7
12/25/2025 16:55,88028,88140,88016,88059.9
12/25/2025 16:50,88212,88216,87945,88028
12/25/2025 16:45,88260,88338,88124,88204
12/25/2025 16:40,88210.5,88360,88165,88257.5
12/25/2025 16:35,88276,88370,88121.5,88240
12/25/2025 16:30,88429,88478,88264,88276
12/25/2025 16:25,88441,88488,88347.7,88428
12/25/2025 16:20,88355.9,88452,88280,88441
12/25/2025 16:15,88232.8,88450,88232.8,88312.7
12/25/2025 16:10,88114,88331,88108,88238
12/25/2025 16:05,88220,88344,88108,88108
12/25/2025 16:00,88367.3,88447,88209,88220
12/25/2025 15:55,88357.7,88432,88230,88277
12/25/2025 15:50,88331.1,88562.4,88331.1,88357.7
12/25/2025 15:45,88525,88589,88304,88331.1
12/25/2025 15:40,88042.1,88561,87996.4,88455.6
12/25/2025 15:35,87972,88097,87892,87996.4
12/25/2025 15:30,88016,88142,87934,87934
12/25/2025 15:25,87793.1,88232,87783,88050.9
12/25/2025 15:20,87749,87903,87749,87865
12/25/2025 15:15,87717,87842,87698,87814.5
12/25/2025 15:10,87752,87813,87680,87768.3
12/25/2025 15:05,87691.6,87807,87669,87751
12/25/2025 15:00,87658,87839,87658,87746
12/25/2025 14:55,87663.2,87746,87657,87667.4
12/25/2025 14:50,87721.7,87775,87655,87737
12/25/2025 14:45,87558,87774,87558,87679
12/25/2025 14:40,87572,87656,87527,87573.8
12/25/2025 14:35,87573,87662,87516,87572.2
12/25/2025 14:30,87514.7,87676,87511,87626.4
12/25/2025 14:25,87653,87654,87492,87514.7
12/25/2025 14:20,87603.1,87667,87560,87564.7
12/25/2025 14:15,87681.5,87742,87558.5,87634
12/25/2025 14:10,87613.3,87741,87613.3,87716
12/25/2025 14:05,87574,87713,87574,87617
12/25/2025 14:00,87573,87676,87564,87662
12/25/2025 13:55,87637.8,87680,87573,87612.4
12/25/2025 13:50,87547.1,87695,87540,87637.8
12/25/2025 13:45,87625,87692,87507,87622
12/25/2025 13:40,87425.7,87644,87425.7,87606.8
12/25/2025 13:35,87405.2,87516,87405.2,87514
12/25/2025 13:30,87433.9,87527,87405.2,87453.5
12/25/2025 13:25,87477,87532,87394,87523
12/25/2025 13:20,87435,87482,87353,87456.7
12/25/2025 13:15,87463,87549,87350,87362
12/25/2025 13:10,87467.9,87551,87435,87467
12/25/2025 13:05,87478,87548,87435,87435
12/25/2025 13:00,87488,87590,87476,87478
12/25/2025 12:55,87487,87596,87470.1,87558.9
12/25/2025 12:50,87532.1,87573,87467,87520.1
12/25/2025 12:45,87470.2,87558,87453,87531.6
12/25/2025 12:40,87485,87547,87442,87470.2
12/25/2025 12:35,87585.5,87606,87485,87512.5
12/25/2025 12:30,87507,87615,87497.8,87585
12/25/2025 12:25,87562,87608,87440,87497.8
12/25/2025 12:20,87508.6,87578,87451.1,87531.4
12/25/2025 12:15,87448.1,87560,87430,87523.3
12/25/2025 12:10,87492.5,87555,87425,87431
12/25/2025 12:05,87545.5,87582,87472,87472
12/25/2025 12:00,87462.3,87585,87446,87553.7
12/25/2025 11:55,87479.4,87559,87446,87462.3
12/25/2025 11:50,87429.5,87568,87426,87479.4
12/25/2025 11:45,87455.3,87593,87422,87429.5
12/25/2025 11:40,87517,87552,87446,87508.6
12/25/2025 11:35,87479,87562,87454,87474.3
12/25/2025 11:30,87554.2,87613,87479,87562
12/25/2025 11:25,87424.3,87587,87412,87535.2
12/25/2025 11:20,87431.9,87524,87412,87424.3
12/25/2025 11:15,87468.2,87560,87431.9,87431.9
12/25/2025 11:10,87436.6,87517,87432,87432
12/25/2025 11:05,87467,87535,87425,87436.6
12/25/2025 11:00,87364.4,87567,87352,87453
12/25/2025 10:55,87401,87445,87318,87364.4
12/25/2025 10:50,87395,87412,87319,87327
12/25/2025 10:45,87342,87423,87235,87321
12/25/2025 10:40,87219,87341,87209,87258.7
12/25/2025 10:35,87431,87431,87209,87217
12/25/2025 10:30,87340.6,87443,87329,87430
12/25/2025 10:25,87370.8,87456,87340.6,87340.6
12/25/2025 10:20,87419.1,87465,87318.9,87439
12/25/2025 10:15,87358,87422,87303,87418.9
12/25/2025 10:10,87416,87469,87335,87381.6
12/25/2025 10:05,87416,87495,87388,87395
12/25/2025 10:00,87533,87540,87416,87498
12/25/2025 09:55,87503.6,87539,87455,87460.5
12/25/2025 09:50,87459.1,87561,87439,87459.1
12/25/2025 09:45,87416.8,87545,87416.8,87515.6
12/25/2025 09:40,87522,87541,87409,87416.8
12/25/2025 09:35,87439.6,87524,87387,87523
12/25/2025 09:30,87430.7,87528,87393,87444.4
12/25/2025 09:25,87476.6,87522,87416,87517
12/25/2025 09:20,87551,87554,87416,87458.2
12/25/2025 09:15,87425.7,87558,87399,87551
12/25/2025 09:10,87517.7,87536,87397,87498.3
12/25/2025 09:05,87524.7,87549,87456,87541
12/25/2025 09:00,87528.1,87626,87474,87506
12/25/2025 08:55,87489,87651,87483.5,87528.1
12/25/2025 08:50,87405.2,87575,87405.2,87546.2
12/25/2025 08:45,87486.8,87524,87399,87498
12/25/2025 08:40,87528,87538,87422,87484
12/25/2025 08:35,87417,87534,87383,87483.4
12/25/2025 08:30,87384,87513,87354,87417
12/25/2025 08:25,87332.8,87502,87326,87435.5
12/25/2025 08:20,87624.7,87684,87309,87357.5
12/25/2025 08:15,87790,87809,87565,87585.5
12/25/2025 08:10,87803.2,87876,87734,87742.5
12/25/2025 08:05,87786.3,87912,87769,87867
12/25/2025 08:00,87853,87875,87755,87762
12/25/2025 07:55,87734,87893,87734,87776
12/25/2025 07:50,87709.8,87854,87698,87747.3
12/25/2025 07:45,87774,87797,87709,87709.8
12/25/2025 07:40,87709.8,87796,87704,87773
12/25/2025 07:35,87722.1,87808,87704,87787
12/25/2025 07:30,87804.7,87824,87722.1,87779.1
12/25/2025 07:25,87730.7,87849,87730.7,87804.3
12/25/2025 07:20,87730.7,87831,87722,87739
12/25/2025 07:15,87730.7,87835,87730.7,87739
12/25/2025 07:10,87836,87845,87730.7,87808.2
12/25/2025 07:05,87786.3,87843,87725,87838
12/25/2025 07:00,87855,87868,87719,87726
12/25/2025 06:55,87759.1,87866,87759.1,87854
12/25/2025 06:50,87757.2,87854,87732,87854
12/25/2025 06:45,87704.2,87847,87704.2,87757.2
12/25/2025 06:40,87708,87801,87704.2,87797
12/25/2025 06:35,87791,87831,87686.1,87754.4
12/25/2025 06:30,87686.1,87796,87686.1,87791
12/25/2025 06:25,87748.6,87781,87676,87739.9
12/25/2025 06:20,87714.5,87790,87650.3,87739.1
12/25/2025 06:15,87650.3,87763,87650.3,87723.6
12/25/2025 06:10,87655.6,87733,87632,87650.3
12/25/2025 06:05,87670.4,87764,87630,87716
12/25/2025 06:00,87750.4,87787,87670.4,87714.2
12/25/2025 05:55,87711.3,87800,87690,87711.3
12/25/2025 05:50,87711.3,87806,87708,87708
12/25/2025 05:45,87741.1,87810,87679.6,87725
12/25/2025 05:40,87679.7,87785,87667,87781
12/25/2025 05:35,87732.2,87779,87662.6,87679.7
12/25/2025 05:30,87713.5,87802,87650,87691.3
12/25/2025 05:25,87622.3,87755,87616,87736
12/25/2025 05:20,87682.6,87757,87609,87622.3
12/25/2025 05:15,87650.5,87737,87600,87635.8
12/25/2025 05:10,87682,87720,87595,87616.7
12/25/2025 05:05,87672.4,87765,87610,87611.4
12/25/2025 05:00,87725,87807,87638,87672.4
12/25/2025 04:55,87766.9,87859,87727,87776.7
12/25/2025 04:50,87722.4,87865,87722.4,87766.9
12/25/2025 04:45,87782.4,87833,87722.4,87784.9
12/25/2025 04:40,87719.4,87838,87713,87728
12/25/2025 04:35,87826,87835,87706,87781.9
12/25/2025 04:30,87788,87826,87699,87824
12/25/2025 04:25,87791.8,87843,87688,87757.4
12/25/2025 04:20,87768.9,87855,87732,87750
12/25/2025 04:15,87781.7,87867,87728.2,87852
12/25/2025 04:10,87700,87812,87692,87718
12/25/2025 04:05,87716.8,87820,87687,87700
12/25/2025 04:00,87839.1,87875,87687,87752
12/25/2025 03:55,87787,87896,87784.3,87838.7
12/25/2025 03:50,87740,87876,87725.6,87787
12/25/2025 03:45,87730.1,87835,87724,87780.1
12/25/2025 03:40,87722,87840,87714,87730.1
12/25/2025 03:35,87750,87857,87730,87787.5
12/25/2025 03:30,87784.2,87858,87724,87842
12/25/2025 03:25,87842.4,87896,87773,87784.2
12/25/2025 03:20,87787.3,87932,87770,87796
12/25/2025 03:15,87782,87878,87751,87787.3
12/25/2025 03:10,87750.2,87888,87722,87782
12/25/2025 03:05,87929,87931,87721,87817
12/25/2025 03:00,87844,87958,87813,87847.9
12/25/2025 02:55,87817,87947,87817,87844
12/25/2025 02:50,87816.5,87977,87804,87817
12/25/2025 02:45,87928,87936,87790.2,87811
12/25/2025 02:40,87816,87940,87699.9,87935
12/25/2025 02:35,87708,87818,87678,87818
12/25/2025 02:30,87660,87802,87660,87708
12/25/2025 02:25,87700.5,87782,87660,87707.3
12/25/2025 02:20,87673.6,87783,87657,87660
12/25/2025 02:15,87722.8,87783,87660,87744.2
12/25/2025 02:10,87585.5,87790,87577,87734.6
12/25/2025 02:05,87561,87676,87551,87622.1
12/25/2025 02:00,87631.2,87730,87513,87646
12/25/2025 01:55,87616,87728,87616,87631.2
12/25/2025 01:50,87706.9,87777,87616,87654.9
12/25/2025 01:45,87730,87766,87645,87656
12/25/2025 01:40,87551,87762,87551,87729.9
12/25/2025 01:35,87524,87647,87524,87646
12/25/2025 01:30,87657.4,87757,87548,87604
12/25/2025 01:25,87672.4,87771,87631,87733
12/25/2025 01:20,87653,87751,87594.9,87718
12/25/2025 01:15,87592.1,87708,87551,87671.7
12/25/2025 01:10,87549,87689,87549,87650.3
12/25/2025 01:05,87598,87648,87510,87549
12/25/2025 01:00,87488,87633,87488,87597
12/25/2025 00:55,87509.1,87621,87460,87502
12/25/2025 00:50,87621.7,87646,87497,87570.2
12/25/2025 00:45,87566,87675,87485,87567
12/25/2025 00:40,87488,87608,87473,87482
12/25/2025 00:35,87693,87713,87471,87568
12/25/2025 00:30,87563.7,87736,87541,87614.1
12/25/2025 00:25,87713,87720,87562,87562
12/25/2025 00:20,87734,87755,87624,87665.2
12/25/2025 00:15,87595,87766,87585,87678.6
12/25/2025 00:10,87716,87742,87530,87603.1
12/25/2025 00:05,87556,87754,87556,87649
12/25/2025 00:00,87613.6,87697,87513,87619.4
12/24/2025 23:55,87617.9,87757,87598,87664.3
12/24/2025 23:50,87605,87727,87598.6,87617.9
12/24/2025 23:45,87586,87720,87586,87606
12/24/2025 23:40,87649.7,87711,87557,87681
12/24/2025 23:35,87663.5,87742,87619,87649.7
12/24/2025 23:30,87544,87739,87535.3,87649.7
12/24/2025 23:25,87600,87681,87527.2,87535.3
12/24/2025 23:20,87769.4,87848,87569,87600
12/24/2025 23:15,87769.2,87859,87708,87771.6
12/24/2025 23:10,87808.8,87887,87749,87769.2
12/24/2025 23:05,87787.1,87909,87733,87792.9
12/24/2025 23:00,87940,88051,87736.7,87822.6
12/24/2025 22:55,87948.5,88057,87904,87940
12/24/2025 22:50,88007,88037,87889,88031
12/24/2025 22:45,87944.3,88031,87889,87955.2
12/24/2025 22:40,87889,88051,87880,88007
12/24/2025 22:35,87875.2,88041,87875.2,87925.4
12/24/2025 22:30,87811,87974,87696,87875.2
12/24/2025 22:25,87707.5,87834,87707.5,87726.3
12/24/2025 22:20,87827,87827,87707.5,87788
12/24/2025 22:15,87837,87882,87735.4,87805.6
12/24/2025 22:10,87754,87906,87754,87754
12/24/2025 22:05,87638,87875,87638,87754
12/24/2025 22:00,87634.6,87737,87624.8,87736
12/24/2025 21:55,87634.6,87733,87589.7,87634.6
12/24/2025 21:50,87729,87730,87607,87691.5
12/24/2025 21:45,87694.9,87782,87629,87728
12/24/2025 21:40,87709.8,87811,87680,87750
12/24/2025 21:35,87713.9,87816,87649,87749.9
12/24/2025 21:30,87740,87769,87640,87746
12/24/2025 21:25,87626.2,87783,87570,87649.9
12/24/2025 21:20,87586.3,87663,87555,87637.6
12/24/2025 21:15,87662,87683,87555,87617.6
12/24/2025 21:10,87571.1,87668,87538,87641.4
12/24/2025 21:05,87572.6,87692,87542,87626.9
12/24/2025 21:00,87546.1,87677,87487,87572.6
12/24/2025 20:55,87568,87584,87457,87574
12/24/2025 20:50,87600,87602.2,87473,87500
12/24/2025 20:45,87583.7,87658,87497,87516.5
12/24/2025 20:40,87669,87681,87578.8,87660
12/24/2025 20:35,87533,87676,87523,87645.2
12/24/2025 20:30,87635,87698,87533,87555.8
12/24/2025 20:25,87653,87653,87540,87618
12/24/2025 20:20,87575.9,87662,87559.2,87569.4
12/24/2025 20:15,87544.8,87679,87543,87568
12/24/2025 20:10,87534.5,87703,87516,87544.8
12/24/2025 20:05,87512,87626,87477,87592.9
12/24/2025 20:00,87584,87610,87494,87499.9
12/24/2025 19:55,87528,87600,87463,87584
12/24/2025 19:50,87568,87592,87463,87527.8
12/24/2025 19:45,87445.8,87579,87432,87545
12/24/2025 19:40,87509,87532,87410,87524
12/24/2025 19:35,87403.5,87508,87390,87419.9
12/24/2025 19:30,87421,87506,87394,87394
12/24/2025 19:25,87345,87470,87319,87392.4
12/24/2025 19:20,87442.7,87483,87329,87354
12/24/2025 19:15,87353,87472,87285,87439.4
12/24/2025 19:10,87399.6,87499,87340,87400.7
12/24/2025 19:05,87517,87530,87399.6,87399.6
12/24/2025 19:00,87456.2,87530,87391,87489.7
12/24/2025 18:55,87402.7,87508,87402.7,87404.5
12/24/2025 18:50,87443.2,87512,87399,87507
12/24/2025 18:45,87403,87519,87360,87486.8
12/24/2025 18:40,87380,87486,87374,87382.3
12/24/2025 18:35,87348.9,87479,87324.2,87380
12/24/2025 18:30,87397.4,87446,87320.6,87406.4
12/24/2025 18:25,87455,87475,87327.4,87397.7
12/24/2025 18:20,87446,87493,87363.8,87455
12/24/2025 18:15,87349,87489,87271,87363.8
12/24/2025 18:10,87337,87370,87197,87286
12/24/2025 18:05,87271.8,87408.6,87217,87284.6
12/24/2025 18:00,87313,87390,87165,87215.2
12/24/2025 17:55,87280.9,87387,87182.9,87252
12/24/2025 17:50,87406.4,87436,87207,87314.5
12/24/2025 17:45,87331.6,87488,87310,87415.9
12/24/2025 17:40,87484,87505,87255,87340
12/24/2025 17:35,87515.4,87544,87395,87402.7
12/24/2025 17:30,87443.9,87578,87388,87452.2
12/24/2025 17:25,87330.8,87489,87292,87388
12/24/2025 17:20,87317.5,87480,87297.8,87334
12/24/2025 17:15,87276,87426,87247,87390
12/24/2025 17:10,87288.2,87420,87226,87284.6
12/24/2025 17:05,87253.2,87488,87233,87323
12/24/2025 17:00,87272.4,87384,87211,87311.5
12/24/2025 16:55,87247.4,87306,87122.2,87272.3
12/24/2025 16:50,87379.2,87412,87176,87272
12/24/2025 16:45,87437,87543,87304,87322
12/24/2025 16:40,87392.8,87600,87232.7,87437
12/24/2025 16:35,87484,87555,87308,87389.6
12/24/2025 16:30,86907,87660,86907,87491
12/24/2025 16:25,87022,87035,86856.6,86991
12/24/2025 16:20,87054,87139,86930.1,86993.2
12/24/2025 16:15,87103.6,87174,86993,87054.8
12/24/2025 16:10,87026.9,87172,86946,87077.3
12/24/2025 16:05,87135,87227,86995,87113
12/24/2025 16:00,86979.4,87226,86911,87134.8
12/24/2025 15:55,87008,87080,86887,87065
12/24/2025 15:50,86970.8,87059,86863,86929.6
12/24/2025 15:45,87076,87145,86868.7,87004
12/24/2025 15:40,86883.9,87118,86831,87063
12/24/2025 15:35,87061,87233,86839,86911
12/24/2025 15:30,86873,87212,86792,87059
12/24/2025 15:25,86620.1,86904,86614,86779
12/24/2025 15:20,86986,87019,86531,86621.2
12/24/2025 15:15,86900,87029,86815,86904
12/24/2025 15:10,86900.1,87039,86848,86894.5
12/24/2025 15:05,87002,87121,86827,86858.4
12/24/2025 15:00,86916.9,87216,86905,87081
12/24/2025 14:55,87087,87096,86810,86976
12/24/2025 14:50,86859,87287,86832,87073
12/24/2025 14:45,86933,87024,86716,86846
12/24/2025 14:40,86601.6,87108,86547,86940
12/24/2025 14:35,87101,87101,86374,86573.6
12/24/2025 14:30,87234.2,87312,86927,86985
12/24/2025 14:25,87344,87355,87147,87269
12/24/2025 14:20,87374,87403,87215,87238
12/24/2025 14:15,87368.8,87462,87244,87337.1
12/24/2025 14:10,87322.6,87469,87315,87440
12/24/2025 14:05,87347,87421,87296,87322.6
12/24/2025 14:00,87281.1,87407,87233,87312.9
12/24/2025 13:55,87254.2,87336,87225,87311
12/24/2025 13:50,87226.3,87327,87164,87241
12/24/2025 13:45,87126.6,87281,87122,87221.5
12/24/2025 13:40,87157.8,87240,87080,87126.6
12/24/2025 13:35,87123,87230,87010,87157.8
12/24/2025 13:30,87279,87333,86998,87126
12/24/2025 13:25,87315,87315,87184,87214.9
12/24/2025 13:20,87276,87348,87235,87316
12/24/2025 13:15,87272.5,87359,87213,87288.1
12/24/2025 13:10,87366.3,87397,87221,87241
12/24/2025 13:05,87380.3,87450,87302,87385
12/24/2025 13:00,87370,87455,87234,87430.3
12/24/2025 12:55,87337.1,87492,87337.1,87370
12/24/2025 12:50,87272.5,87419,87260,87400.5
12/24/2025 12:45,87422,87422,87252,87304.6
12/24/2025 12:40,87422,87456,87340,87399.6
12/24/2025 12:35,87298,87408,87291.9,87344
12/24/2025 12:30,87304.4,87376,87267,87371
12/24/2025 12:25,87244,87356,87241,87331
12/24/2025 12:20,87227,87335,87227,87243.2
12/24/2025 12:15,87226.4,87405,87209,87291
12/24/2025 12:10,87176,87305,87132,87235
12/24/2025 12:05,87188,87256,87087,87242
12/24/2025 12:00,87155.9,87198,87084,87139
12/24/2025 11:55,87198,87265,87144,87204
12/24/2025 11:50,87226.1,87281,87182,87241.5
12/24/2025 11:45,87251,87309,87157,87226.1
12/24/2025 11:40,87229,87255,87158,87251
12/24/2025 11:35,87220.9,87265,87145,87229
12/24/2025 11:30,87214.5,87288,87136,87220.8
12/24/2025 11:25,87230,87323,87163,87241
12/24/2025 11:20,87250,87360,87196,87230
12/24/2025 11:15,87238.6,87336,87204,87317
12/24/2025 11:10,87239,87336,87222.3,87290
12/24/2025 11:05,87143,87308,87106.1,87218
12/24/2025 11:00,87062.1,87216,87021,87188.6
12/24/2025 10:55,87120.6,87174,87021,87021
12/24/2025 10:50,87022.8,87222,87019,87083.2
12/24/2025 10:45,87053.1,87137,87019,87107
12/24/2025 10:40,87093.6,87189,87048,87133
12/24/2025 10:35,87098.3,87145,87029,87113.5
12/24/2025 10:30,86988.8,87140,86980,87042.1
12/24/2025 10:25,87047.2,87107,86966,87026.4
12/24/2025 10:20,86963.5,87144,86963.5,87070.4
12/24/2025 10:15,87011,87088,86959,87074
12/24/2025 10:10,86941.5,87118,86921,87009
12/24/2025 10:05,86784.3,87037,86775,87015
12/24/2025 10:00,86749.5,86890,86746,86843
12/24/2025 09:55,86758.9,86848,86746,86746
12/24/2025 09:50,86816,86904,86734,86746
12/24/2025 09:45,86758.7,86920,86724.9,86875.1
12/24/2025 09:40,86694.9,86854,86666,86735
12/24/2025 09:35,86775,86873,86677,86677
12/24/2025 09:30,86866,86871,86745,86774.7
12/24/2025 09:25,86864,86870,86741.3,86866
12/24/2025 09:20,86818.8,86887,86760.2,86766.9
12/24/2025 09:15,86879.7,86934,86750,86760.2
12/24/2025 09:10,86840.3,86920,86773,86815
12/24/2025 09:05,86809.4,86910,86772,86896
12/24/2025 09:00,86827,86914,86718.7,86805
12/24/2025 08:55,86772,86885,86714,86827
12/24/2025 08:50,86877.2,86927,86772,86772
12/24/2025 08:45,86889.9,87011,86815,86889.3
12/24/2025 08:40,86806.4,86998,86787,86967
12/24/2025 08:35,86871,86918,86753.5,86806.4
12/24/2025 08:30,86867.3,87000,86739,86871
12/24/2025 08:25,86739,86974,86739,86867
12/24/2025 08:20,87046,87111,86739,86739
12/24/2025 08:15,86913,87064,86877,86960
12/24/2025 08:10,86910.1,87040,86900,87010
12/24/2025 08:05,86952.8,87012,86852,87012
12/24/2025 08:00,86850,87000,86808,86952.8
12/24/2025 07:55,87040.4,87122,86850,86850
12/24/2025 07:50,87092.2,87194,87019,87086.4
12/24/2025 07:45,87094.8,87206,87054,87192
12/24/2025 07:40,87145.3,87194,87063,87155.3
12/24/2025 07:35,87042.3,87181,86938.8,87082.3
12/24/2025 07:30,86978.3,87070,86932,87064
12/24/2025 07:25,86938.8,87037,86909,86934.5
12/24/2025 07:20,87044,87053,86913,86998.1
12/24/2025 07:15,87035.8,87098,86936,87043
12/24/2025 07:10,86980,87087,86954,87076
12/24/2025 07:05,86972.9,87077,86938,87072
12/24/2025 07:00,86959.6,87086,86959,86972.9
12/24/2025 06:55,86964,87053,86915,87019.6
12/24/2025 06:50,86987.3,87093,86917,87053
12/24/2025 06:45,87042,87070,86944.9,87056
12/24/2025 06:40,86978,87059,86913,86953
12/24/2025 06:35,86874,87074,86864,87056
12/24/2025 06:30,86915.2,86976,86861,86947
12/24/2025 06:25,86993,87015,86896,86910
12/24/2025 06:20,86873.2,87026,86795,86927.2
12/24/2025 06:15,86871.6,86921,86753.4,86807
12/24/2025 06:10,86833.8,86976,86810,86835.4
12/24/2025 06:05,86863.6,86955,86823,86833.8
12/24/2025 06:00,86898.7,87003,86850,86868
12/24/2025 05:55,86989,87021,86880,86893
12/24/2025 05:50,86873,87005,86869,86986
12/24/2025 05:45,86846,86950,86729,86873
12/24/2025 05:40,87023.3,87065,86768.3,86850
12/24/2025 05:35,87115,87129,86969,87043
12/24/2025 05:30,87176,87178,87042,87115
12/24/2025 05:25,87122,87269,87089,87176
12/24/2025 05:20,87062,87196,87000,87196
12/24/2025 05:15,87027.9,87150,87027.9,87071.4
12/24/2025 05:10,87038,87130,87007.8,87027.9
12/24/2025 05:05,87127.6,87194,87021,87116
12/24/2025 05:00,87079.2,87236,87079,87166
12/24/2025 04:55,87120,87185,87023,87079.2
12/24/2025 04:50,87258.7,87280,87095,87185
12/24/2025 04:45,87251.4,87354,87211,87258.6
12/24/2025 04:40,87241,87356,87230,87251.4
12/24/2025 04:35,87212.9,87314,87143,87235.5
12/24/2025 04:30,87328,87329,87169,87227.5
12/24/2025 04:25,87291.4,87374,87247.2,87302.3
12/24/2025 04:20,87288.1,87425,87273,87290
12/24/2025 04:15,87413.2,87437,87270,87288.1
12/24/2025 04:10,87386,87463,87352,87436
12/24/2025 04:05,87373.2,87478,87267,87435.1
12/24/2025 04:00,87273.9,87404,87254.1,87396
12/24/2025 03:55,87387,87406,87272,87273.9
12/24/2025 03:50,87395,87406,87265,87354.3
12/24/2025 03:45,87255.5,87397,87248,87308.4
12/24/2025 03:40,87253,87355,87232,87255.5
12/24/2025 03:35,87259.8,87353,87200,87324
12/24/2025 03:30,87200.9,87287,87169,87257.3
12/24/2025 03:25,87191.5,87249,87150,87218.5
12/24/2025 03:20,87124.9,87280,87080,87245
12/24/2025 03:15,86985.3,87151,86948.2,87147
12/24/2025 03:10,87006.5,87073,86946,87050
12/24/2025 03:05,86918,87045,86822,87006.5
12/24/2025 03:00,87091.7,87137,86843,86857.4
12/24/2025 02:55,87127,87183,87080,87140
12/24/2025 02:50,87025.8,87196,87025.8,87127
12/24/2025 02:45,87109,87109,86881,87026
12/24/2025 02:40,87216.6,87280,86959,87044
